;Ages 5-14;;;Ages 15-19;;;Ages 20-24;;;Ages 25-29;;;Ages 30-34;;;Ages 35-39;;;Ages 40-44;;;Ages 45-49;;;All ages;;
Country/area;2009;2021;Relative Change;2009;2021;Relative Change;2009;2021;Relative Change;2009;2021;Relative Change;2009;2021;Relative Change;2009;2021;Relative Change;2009;2021;Relative Change;2009;2021;Relative Change;2009;2021;Relative Change
Afghanistan;0.05%;0.05%;9%;0.26%;0.29%;10%;0.32%;0.36%;12%;0.30%;0.33%;12%;0.26%;0.29%;12%;0.20%;0.22%;11%;0.11%;0.12%;9%;0.05%;0.06%;2%;0.12%;0.14%;18%
Albania;0.06%;0.06%;1%;0.32%;0.35%;12%;0.39%;0.44%;13%;0.37%;0.41%;12%;0.32%;0.36%;11%;0.24%;0.27%;12%;0.13%;0.15%;15%;0.06%;0.07%;19%;0.14%;0.15%;4%
Algeria;0.09%;0.08%;-8%;0.47%;0.48%;3%;0.60%;0.62%;3%;0.57%;0.59%;4%;0.51%;0.53%;4%;0.38%;0.40%;4%;0.22%;0.23%;4%;0.11%;0.11%;4%;0.28%;0.24%;-13%
American Samoa;0.05%;0.05%;1%;0.33%;0.32%;-4%;0.43%;0.41%;-4%;0.40%;0.38%;-4%;0.34%;0.32%;-5%;0.25%;0.24%;-5%;0.14%;0.13%;-6%;0.06%;0.06%;-6%;0.15%;0.14%;-7%
Andorra;0.20%;0.22%;12%;1.11%;1.09%;-1%;1.53%;1.49%;-2%;1.50%;1.44%;-4%;1.24%;1.21%;-2%;0.90%;0.89%;-1%;0.56%;0.55%;-1%;0.32%;0.32%;0%;0.55%;0.46%;-17%
Angola;0.04%;0.05%;10%;0.33%;0.35%;7%;0.45%;0.48%;8%;0.41%;0.45%;9%;0.35%;0.38%;9%;0.25%;0.28%;10%;0.14%;0.16%;11%;0.06%;0.07%;12%;0.16%;0.17%;8%
Antigua and Barbuda;0.08%;0.08%;0%;0.58%;0.58%;-1%;0.95%;0.92%;-3%;0.90%;0.88%;-3%;0.71%;0.69%;-2%;0.49%;0.48%;-2%;0.28%;0.28%;-2%;0.14%;0.13%;-1%;0.34%;0.32%;-6%
Argentina;0.11%;0.11%;0%;0.73%;0.75%;2%;1.01%;1.05%;3%;0.95%;0.98%;4%;0.77%;0.80%;3%;0.55%;0.57%;3%;0.33%;0.34%;3%;0.17%;0.18%;3%;0.37%;0.37%;2%
Armenia;0.05%;0.05%;4%;0.30%;0.34%;12%;0.38%;0.43%;13%;0.35%;0.40%;14%;0.30%;0.35%;14%;0.22%;0.25%;14%;0.12%;0.14%;15%;0.05%;0.06%;18%;0.15%;0.15%;-1%
Australia;0.25%;0.25%;-3%;1.85%;1.87%;1%;2.82%;3.13%;11%;2.79%;3.10%;11%;2.34%;2.49%;6%;1.64%;1.71%;4%;0.94%;1.00%;6%;0.49%;0.53%;9%;0.92%;0.96%;4%
Austria;0.18%;0.18%;0%;0.97%;1.01%;4%;1.40%;1.45%;3%;1.38%;1.44%;4%;1.16%;1.20%;3%;0.85%;0.88%;3%;0.54%;0.56%;4%;0.32%;0.34%;5%;0.46%;0.45%;-2%
Azerbaijan;0.06%;0.06%;4%;0.34%;0.38%;14%;0.44%;0.50%;16%;0.40%;0.47%;17%;0.34%;0.40%;17%;0.25%;0.29%;16%;0.14%;0.16%;17%;0.06%;0.07%;21%;0.18%;0.19%;4%
Bahamas;0.08%;0.09%;7%;0.65%;0.63%;-4%;1.06%;1.01%;-5%;1.02%;0.96%;-6%;0.80%;0.75%;-6%;0.56%;0.52%;-6%;0.32%;0.30%;-6%;0.16%;0.15%;-5%;0.38%;0.36%;-7%
Bahrain;0.11%;0.11%;3%;0.64%;0.63%;-2%;0.82%;0.80%;-2%;0.73%;0.76%;3%;0.67%;0.68%;2%;0.52%;0.52%;0%;0.30%;0.30%;0%;0.15%;0.14%;-5%;0.42%;0.37%;-13%
Bangladesh;0.04%;0.05%;19%;0.26%;0.31%;18%;0.35%;0.42%;20%;0.32%;0.38%;21%;0.27%;0.32%;20%;0.20%;0.24%;21%;0.10%;0.13%;27%;0.04%;0.06%;34%;0.14%;0.16%;19%
Barbados;0.07%;0.07%;3%;0.56%;0.52%;-7%;0.89%;0.82%;-8%;0.85%;0.77%;-9%;0.66%;0.60%;-9%;0.46%;0.42%;-8%;0.26%;0.24%;-9%;0.13%;0.11%;-10%;0.28%;0.24%;-14%
Belarus;0.06%;0.06%;2%;0.37%;0.41%;11%;0.48%;0.54%;12%;0.45%;0.50%;11%;0.38%;0.42%;10%;0.28%;0.31%;10%;0.15%;0.17%;11%;0.07%;0.08%;14%;0.17%;0.16%;-7%
Belgium;0.17%;0.18%;5%;0.93%;0.96%;3%;1.24%;1.28%;3%;1.19%;1.24%;3%;1.00%;1.03%;3%;0.72%;0.74%;3%;0.44%;0.45%;3%;0.25%;0.25%;2%;0.39%;0.39%;-2%
Belize;0.06%;0.06%;5%;0.45%;0.44%;-1%;0.69%;0.69%;0%;0.64%;0.64%;-1%;0.50%;0.50%;-1%;0.35%;0.35%;-1%;0.19%;0.19%;0%;0.09%;0.09%;1%;0.25%;0.26%;3%
Benin;0.04%;0.04%;5%;0.26%;0.27%;5%;0.35%;0.36%;5%;0.32%;0.33%;4%;0.27%;0.28%;5%;0.20%;0.21%;6%;0.11%;0.11%;8%;0.05%;0.05%;8%;0.12%;0.13%;8%
Bermuda;0.10%;0.10%;5%;0.76%;0.75%;0%;1.26%;1.25%;-1%;1.22%;1.21%;-1%;0.95%;0.95%;0%;0.66%;0.66%;1%;0.38%;0.38%;0%;0.19%;0.19%;-2%;0.37%;0.31%;-16%
Bhutan;0.05%;0.06%;9%;0.33%;0.38%;14%;0.44%;0.51%;17%;0.41%;0.48%;17%;0.35%;0.41%;16%;0.26%;0.30%;16%;0.14%;0.17%;18%;0.06%;0.08%;21%;0.19%;0.22%;16%
Bolivia;0.06%;0.06%;5%;0.46%;0.51%;11%;0.76%;0.85%;11%;0.72%;0.80%;11%;0.54%;0.60%;11%;0.36%;0.40%;11%;0.20%;0.23%;13%;0.09%;0.11%;15%;0.27%;0.30%;11%
Bosnia and Herzegovina;0.06%;0.06%;1%;0.32%;0.36%;11%;0.40%;0.45%;13%;0.37%;0.42%;13%;0.33%;0.37%;11%;0.24%;0.27%;11%;0.13%;0.15%;12%;0.06%;0.07%;14%;0.14%;0.13%;-4%
Botswana;0.06%;0.06%;5%;0.42%;0.44%;6%;0.59%;0.63%;7%;0.55%;0.60%;8%;0.46%;0.50%;8%;0.34%;0.36%;8%;0.19%;0.21%;8%;0.09%;0.10%;7%;0.25%;0.26%;3%
Brazil;0.08%;0.07%;-3%;0.51%;0.53%;5%;0.74%;0.78%;6%;0.68%;0.72%;6%;0.54%;0.57%;5%;0.37%;0.39%;4%;0.20%;0.21%;5%;0.09%;0.09%;6%;0.28%;0.26%;-5%
Brunei;0.16%;0.15%;-5%;1.07%;1.00%;-6%;1.48%;1.39%;-6%;1.42%;1.34%;-5%;1.18%;1.11%;-5%;0.83%;0.79%;-5%;0.48%;0.45%;-5%;0.25%;0.23%;-5%;0.64%;0.59%;-9%
Bulgaria;0.06%;0.07%;16%;0.36%;0.41%;13%;0.46%;0.52%;13%;0.43%;0.48%;13%;0.37%;0.42%;12%;0.28%;0.31%;12%;0.15%;0.17%;13%;0.07%;0.08%;14%;0.15%;0.14%;-5%
Burkina Faso;0.03%;0.04%;8%;0.23%;0.25%;8%;0.31%;0.33%;8%;0.28%;0.31%;9%;0.24%;0.26%;10%;0.17%;0.19%;10%;0.09%;0.10%;9%;0.04%;0.04%;9%;0.11%;0.12%;12%
Burundi;0.03%;0.03%;0%;0.20%;0.20%;-3%;0.26%;0.26%;-3%;0.24%;0.23%;-2%;0.20%;0.19%;-2%;0.15%;0.14%;-3%;0.07%;0.07%;-3%;0.03%;0.03%;-3%;0.10%;0.10%;-2%
Cambodia;0.03%;0.04%;10%;0.20%;0.23%;16%;0.25%;0.29%;18%;0.22%;0.26%;19%;0.19%;0.22%;18%;0.14%;0.16%;18%;0.07%;0.09%;19%;0.03%;0.04%;22%;0.10%;0.11%;13%
Cameroon;0.04%;0.04%;7%;0.28%;0.29%;4%;0.38%;0.39%;4%;0.35%;0.36%;4%;0.29%;0.31%;5%;0.21%;0.23%;6%;0.12%;0.12%;6%;0.05%;0.05%;7%;0.14%;0.15%;6%
Canada;0.15%;0.15%;-2%;0.93%;0.94%;1%;1.26%;1.25%;0%;1.19%;1.19%;-1%;0.98%;0.98%;0%;0.70%;0.70%;1%;0.41%;0.42%;1%;0.22%;0.22%;1%;0.40%;0.38%;-5%
Cape Verde;0.05%;0.05%;5%;0.33%;0.35%;7%;0.45%;0.48%;8%;0.41%;0.44%;8%;0.35%;0.38%;8%;0.26%;0.28%;7%;0.14%;0.15%;7%;0.07%;0.07%;6%;0.18%;0.20%;7%
Central African Republic;0.03%;0.03%;-2%;0.21%;0.20%;-6%;0.28%;0.26%;-5%;0.25%;0.24%;-5%;0.21%;0.20%;-4%;0.15%;0.15%;-4%;0.08%;0.07%;-5%;0.03%;0.03%;-7%;0.10%;0.10%;-5%
Chad;0.03%;0.04%;7%;0.25%;0.26%;4%;0.33%;0.34%;3%;0.30%;0.31%;4%;0.25%;0.27%;5%;0.19%;0.20%;5%;0.10%;0.10%;8%;0.04%;0.05%;9%;0.11%;0.12%;7%
Chile;0.12%;0.12%;2%;0.73%;0.79%;9%;1.00%;1.11%;11%;0.95%;1.05%;11%;0.77%;0.86%;11%;0.56%;0.61%;10%;0.33%;0.37%;11%;0.17%;0.20%;12%;0.38%;0.39%;4%
China;0.04%;0.05%;11%;0.25%;0.31%;28%;0.30%;0.39%;31%;0.27%;0.35%;31%;0.23%;0.29%;28%;0.16%;0.21%;29%;0.08%;0.11%;32%;0.03%;0.05%;35%;0.12%;0.11%;0%
Colombia;0.07%;0.07%;7%;0.45%;0.49%;10%;0.69%;0.76%;10%;0.64%;0.71%;11%;0.51%;0.57%;12%;0.36%;0.40%;12%;0.20%;0.22%;13%;0.09%;0.10%;15%;0.25%;0.28%;12%
Comoros;0.04%;0.04%;4%;0.27%;0.27%;1%;0.36%;0.36%;2%;0.33%;0.34%;2%;0.28%;0.28%;3%;0.20%;0.21%;3%;0.11%;0.11%;3%;0.05%;0.05%;1%;0.14%;0.14%;4%
Congo;0.04%;0.05%;9%;0.32%;0.33%;5%;0.43%;0.45%;5%;0.40%;0.42%;6%;0.34%;0.36%;6%;0.25%;0.26%;7%;0.13%;0.14%;7%;0.06%;0.06%;6%;0.17%;0.18%;4%
Cook Islands;0.06%;0.06%;11%;0.36%;0.40%;10%;0.48%;0.53%;12%;0.44%;0.49%;12%;0.38%;0.42%;10%;0.28%;0.31%;10%;0.15%;0.17%;11%;0.07%;0.08%;16%;0.17%;0.17%;0%
Costa Rica;0.07%;0.07%;3%;0.48%;0.51%;7%;0.74%;0.80%;8%;0.70%;0.76%;8%;0.55%;0.60%;8%;0.38%;0.42%;8%;0.21%;0.23%;9%;0.10%;0.11%;11%;0.28%;0.28%;1%
Cote d'Ivoire;0.04%;0.04%;10%;0.27%;0.30%;10%;0.37%;0.41%;11%;0.33%;0.38%;13%;0.28%;0.32%;14%;0.21%;0.24%;14%;0.11%;0.13%;14%;0.05%;0.06%;14%;0.14%;0.15%;7%
Croatia;0.07%;0.07%;1%;0.41%;0.43%;6%;0.52%;0.55%;7%;0.49%;0.52%;7%;0.43%;0.45%;6%;0.31%;0.33%;5%;0.17%;0.18%;5%;0.08%;0.08%;6%;0.17%;0.16%;-3%
Cuba;0.06%;0.06%;5%;0.41%;0.45%;9%;0.63%;0.68%;8%;0.58%;0.63%;9%;0.45%;0.50%;9%;0.32%;0.35%;9%;0.17%;0.19%;10%;0.08%;0.09%;12%;0.20%;0.19%;-5%
Cyprus;0.17%;0.16%;-7%;0.88%;0.88%;0%;1.15%;1.17%;2%;1.12%;1.12%;0%;0.96%;0.94%;-2%;0.71%;0.69%;-2%;0.44%;0.44%;0%;0.25%;0.26%;2%;0.47%;0.42%;-11%
Czechia;0.07%;0.08%;11%;0.44%;0.48%;8%;0.57%;0.62%;8%;0.54%;0.58%;8%;0.47%;0.50%;7%;0.34%;0.36%;6%;0.19%;0.20%;7%;0.09%;0.09%;8%;0.19%;0.17%;-12%
Democratic Republic of Congo;0.03%;0.03%;10%;0.19%;0.21%;9%;0.24%;0.27%;9%;0.22%;0.24%;10%;0.19%;0.20%;10%;0.14%;0.15%;10%;0.07%;0.08%;11%;0.03%;0.03%;11%;0.09%;0.10%;14%
Denmark;0.17%;0.18%;3%;0.93%;0.95%;2%;1.26%;1.31%;4%;1.23%;1.27%;3%;1.05%;1.06%;1%;0.77%;0.77%;1%;0.47%;0.48%;2%;0.27%;0.27%;3%;0.40%;0.41%;2%
Djibouti;0.04%;0.04%;8%;0.28%;0.30%;8%;0.38%;0.40%;7%;0.35%;0.38%;8%;0.29%;0.32%;9%;0.21%;0.24%;10%;0.11%;0.13%;13%;0.05%;0.06%;15%;0.16%;0.16%;3%
Dominica;0.06%;0.07%;7%;0.46%;0.47%;1%;0.72%;0.72%;0%;0.67%;0.68%;1%;0.52%;0.53%;3%;0.36%;0.37%;3%;0.20%;0.21%;3%;0.09%;0.10%;5%;0.24%;0.24%;2%
Dominican Republic;0.06%;0.07%;6%;0.47%;0.53%;12%;0.74%;0.84%;14%;0.69%;0.79%;14%;0.54%;0.61%;13%;0.37%;0.42%;13%;0.21%;0.24%;14%;0.10%;0.12%;17%;0.27%;0.30%;11%
East Timor;0.04%;0.04%;3%;0.27%;0.26%;-2%;0.34%;0.33%;-1%;0.31%;0.30%;-1%;0.26%;0.26%;-2%;0.19%;0.19%;-3%;0.10%;0.10%;-3%;0.05%;0.04%;-3%;0.12%;0.13%;6%
Ecuador;0.07%;0.07%;4%;0.54%;0.57%;5%;0.91%;0.96%;5%;0.87%;0.91%;6%;0.65%;0.69%;7%;0.44%;0.47%;7%;0.25%;0.27%;7%;0.12%;0.13%;8%;0.31%;0.33%;6%
Egypt;0.07%;0.08%;5%;0.42%;0.46%;9%;0.54%;0.60%;11%;0.51%;0.57%;12%;0.45%;0.50%;11%;0.34%;0.38%;11%;0.20%;0.22%;12%;0.10%;0.11%;12%;0.23%;0.24%;3%
El Salvador;0.06%;0.06%;-3%;0.41%;0.42%;4%;0.63%;0.66%;4%;0.59%;0.61%;3%;0.46%;0.48%;4%;0.32%;0.34%;5%;0.18%;0.19%;6%;0.08%;0.09%;7%;0.22%;0.23%;5%
Equatorial Guinea;0.07%;0.07%;-3%;0.52%;0.47%;-9%;0.76%;0.67%;-12%;0.74%;0.64%;-13%;0.62%;0.55%;-12%;0.45%;0.40%;-11%;0.26%;0.23%;-12%;0.13%;0.11%;-13%;0.29%;0.29%;-1%
Eritrea;0.04%;0.04%;-1%;0.25%;0.25%;0%;0.32%;0.33%;1%;0.30%;0.30%;1%;0.25%;0.25%;0%;0.19%;0.19%;0%;0.10%;0.10%;-2%;0.04%;0.04%;-3%;0.13%;0.13%;1%
Estonia;0.07%;0.07%;11%;0.44%;0.47%;9%;0.57%;0.62%;10%;0.52%;0.57%;10%;0.44%;0.48%;9%;0.32%;0.35%;9%;0.18%;0.19%;9%;0.08%;0.09%;10%;0.18%;0.17%;-5%
Eswatini;0.05%;0.05%;2%;0.37%;0.38%;3%;0.52%;0.53%;2%;0.48%;0.50%;3%;0.40%;0.42%;5%;0.29%;0.31%;6%;0.16%;0.17%;5%;0.08%;0.08%;3%;0.21%;0.22%;5%
Ethiopia;0.03%;0.04%;22%;0.20%;0.25%;23%;0.27%;0.33%;24%;0.24%;0.31%;26%;0.21%;0.26%;28%;0.15%;0.19%;31%;0.07%;0.10%;36%;0.03%;0.04%;42%;0.10%;0.13%;35%
Fiji;0.04%;0.04%;3%;0.27%;0.29%;7%;0.34%;0.37%;9%;0.31%;0.34%;8%;0.27%;0.28%;7%;0.20%;0.21%;7%;0.11%;0.11%;8%;0.05%;0.05%;10%;0.14%;0.13%;-1%
Finland;0.20%;0.20%;2%;1.06%;1.07%;1%;1.42%;1.42%;0%;1.36%;1.36%;0%;1.12%;1.12%;0%;0.81%;0.81%;0%;0.50%;0.50%;0%;0.28%;0.29%;1%;0.43%;0.42%;-4%
France;0.17%;0.18%;8%;0.97%;1.01%;3%;1.31%;1.37%;4%;1.28%;1.34%;5%;1.06%;1.12%;5%;0.77%;0.81%;5%;0.48%;0.50%;4%;0.28%;0.29%;4%;0.42%;0.41%;-3%
Gabon;0.06%;0.06%;2%;0.44%;0.44%;1%;0.62%;0.63%;1%;0.59%;0.59%;1%;0.49%;0.50%;1%;0.36%;0.36%;0%;0.20%;0.20%;1%;0.09%;0.10%;3%;0.23%;0.24%;5%
Gambia;0.04%;0.04%;3%;0.27%;0.26%;0%;0.35%;0.35%;0%;0.32%;0.32%;0%;0.27%;0.27%;0%;0.20%;0.20%;0%;0.11%;0.11%;0%;0.05%;0.05%;0%;0.13%;0.14%;4%
Georgia;0.05%;0.05%;5%;0.30%;0.34%;15%;0.38%;0.44%;17%;0.35%;0.41%;18%;0.30%;0.35%;17%;0.22%;0.26%;17%;0.12%;0.14%;19%;0.05%;0.06%;22%;0.13%;0.13%;2%
Germany;0.17%;0.17%;-2%;0.91%;0.93%;3%;1.20%;1.22%;2%;1.16%;1.19%;2%;0.98%;1.00%;3%;0.70%;0.72%;4%;0.42%;0.44%;5%;0.23%;0.25%;5%;0.36%;0.36%;-2%
Ghana;0.04%;0.05%;10%;0.29%;0.33%;14%;0.39%;0.44%;14%;0.36%;0.42%;15%;0.30%;0.35%;16%;0.22%;0.26%;16%;0.12%;0.14%;18%;0.05%;0.07%;21%;0.15%;0.17%;16%
Greece;0.18%;0.18%;2%;0.98%;0.94%;-4%;1.30%;1.27%;-3%;1.26%;1.23%;-3%;1.07%;1.03%;-3%;0.78%;0.75%;-4%;0.48%;0.45%;-6%;0.28%;0.26%;-7%;0.44%;0.35%;-20%
Greenland;0.17%;0.17%;-3%;1.06%;1.11%;5%;1.47%;1.54%;5%;1.38%;1.45%;5%;1.12%;1.20%;7%;0.80%;0.86%;8%;0.48%;0.51%;6%;0.25%;0.27%;6%;0.51%;0.52%;2%
Grenada;0.07%;0.07%;3%;0.49%;0.50%;3%;0.76%;0.78%;2%;0.71%;0.73%;4%;0.55%;0.58%;5%;0.38%;0.41%;6%;0.21%;0.23%;7%;0.10%;0.11%;8%;0.28%;0.27%;-1%
Guam;0.07%;0.07%;0%;0.44%;0.45%;2%;0.59%;0.60%;2%;0.56%;0.56%;0%;0.47%;0.47%;0%;0.35%;0.35%;1%;0.19%;0.20%;3%;0.09%;0.09%;5%;0.21%;0.20%;-6%
Guatemala;0.06%;0.06%;4%;0.41%;0.43%;4%;0.63%;0.66%;3%;0.59%;0.61%;4%;0.46%;0.48%;5%;0.32%;0.33%;5%;0.17%;0.18%;5%;0.08%;0.08%;6%;0.22%;0.25%;12%
Guinea;0.03%;0.04%;8%;0.24%;0.26%;8%;0.32%;0.35%;8%;0.30%;0.32%;9%;0.25%;0.28%;11%;0.18%;0.20%;11%;0.10%;0.11%;13%;0.04%;0.05%;15%;0.11%;0.13%;14%
Guinea-Bissau;0.03%;0.04%;3%;0.24%;0.25%;4%;0.31%;0.32%;4%;0.29%;0.30%;4%;0.24%;0.25%;5%;0.18%;0.19%;5%;0.09%;0.10%;6%;0.04%;0.04%;7%;0.12%;0.12%;4%
Guyana;0.06%;0.06%;3%;0.40%;0.46%;13%;0.62%;0.70%;13%;0.57%;0.66%;16%;0.44%;0.52%;17%;0.31%;0.36%;18%;0.17%;0.20%;19%;0.08%;0.09%;21%;0.22%;0.26%;19%
Haiti;0.04%;0.04%;0%;0.30%;0.30%;0%;0.45%;0.44%;-2%;0.41%;0.40%;-2%;0.31%;0.31%;-2%;0.22%;0.22%;0%;0.12%;0.12%;1%;0.05%;0.05%;1%;0.17%;0.16%;-3%
Honduras;0.05%;0.05%;4%;0.36%;0.38%;5%;0.55%;0.57%;4%;0.51%;0.53%;5%;0.40%;0.42%;5%;0.28%;0.29%;4%;0.15%;0.16%;5%;0.07%;0.07%;5%;0.20%;0.22%;9%
Hungary;0.07%;0.07%;6%;0.43%;0.47%;10%;0.55%;0.60%;10%;0.52%;0.57%;10%;0.45%;0.49%;10%;0.33%;0.36%;9%;0.18%;0.20%;9%;0.09%;0.10%;10%;0.18%;0.17%;-5%
Iceland;0.18%;0.18%;4%;0.96%;0.99%;3%;1.28%;1.33%;4%;1.23%;1.27%;3%;1.02%;1.05%;3%;0.75%;0.77%;3%;0.47%;0.48%;3%;0.27%;0.28%;5%;0.46%;0.44%;-3%
India;0.04%;0.05%;17%;0.30%;0.34%;16%;0.39%;0.47%;19%;0.36%;0.44%;20%;0.31%;0.38%;21%;0.23%;0.28%;21%;0.12%;0.15%;24%;0.05%;0.06%;30%;0.15%;0.19%;22%
Indonesia;0.04%;0.04%;17%;0.26%;0.30%;17%;0.33%;0.38%;17%;0.30%;0.35%;17%;0.26%;0.30%;17%;0.19%;0.22%;18%;0.09%;0.11%;23%;0.04%;0.05%;29%;0.13%;0.15%;13%
Iran;0.10%;0.09%;-8%;0.62%;0.62%;0%;0.80%;0.79%;-1%;0.75%;0.74%;-1%;0.65%;0.65%;-1%;0.49%;0.49%;0%;0.28%;0.27%;-1%;0.13%;0.13%;-2%;0.38%;0.31%;-18%
Iraq;0.07%;0.09%;20%;0.43%;0.50%;16%;0.55%;0.65%;17%;0.52%;0.61%;18%;0.46%;0.55%;19%;0.35%;0.41%;19%;0.20%;0.24%;19%;0.10%;0.12%;19%;0.22%;0.27%;21%
Ireland;0.16%;0.19%;15%;0.92%;1.00%;9%;1.24%;1.36%;10%;1.20%;1.33%;10%;1.01%;1.12%;11%;0.74%;0.83%;12%;0.46%;0.51%;12%;0.26%;0.30%;12%;0.47%;0.44%;-5%
Israel;0.12%;0.13%;5%;0.71%;0.74%;4%;0.99%;1.04%;5%;0.98%;1.02%;5%;0.82%;0.86%;5%;0.60%;0.63%;5%;0.38%;0.40%;5%;0.22%;0.23%;5%;0.36%;0.36%;-1%
Italy;0.19%;0.20%;4%;1.22%;1.20%;-2%;1.55%;1.54%;-1%;1.48%;1.49%;0%;1.25%;1.26%;1%;0.95%;0.96%;1%;0.63%;0.64%;1%;0.40%;0.41%;2%;0.50%;0.43%;-13%
Jamaica;0.06%;0.06%;-2%;0.44%;0.44%;0%;0.69%;0.68%;-1%;0.65%;0.64%;-2%;0.51%;0.50%;-1%;0.35%;0.35%;-1%;0.19%;0.19%;1%;0.09%;0.09%;1%;0.25%;0.25%;1%
Japan;0.13%;0.13%;1%;0.95%;0.95%;0%;1.30%;1.31%;1%;1.25%;1.26%;1%;1.04%;1.06%;2%;0.72%;0.74%;3%;0.40%;0.41%;3%;0.19%;0.19%;4%;0.37%;0.32%;-12%
Jordan;0.07%;0.08%;15%;0.42%;0.44%;5%;0.53%;0.55%;4%;0.50%;0.52%;3%;0.45%;0.46%;3%;0.34%;0.35%;3%;0.19%;0.20%;4%;0.09%;0.10%;3%;0.23%;0.24%;3%
Kazakhstan;0.06%;0.06%;5%;0.38%;0.44%;14%;0.50%;0.58%;15%;0.46%;0.54%;16%;0.40%;0.46%;15%;0.29%;0.33%;15%;0.16%;0.18%;17%;0.07%;0.09%;19%;0.20%;0.20%;-1%
Kenya;0.04%;0.04%;15%;0.27%;0.30%;10%;0.36%;0.40%;10%;0.34%;0.37%;11%;0.29%;0.32%;11%;0.21%;0.23%;12%;0.10%;0.12%;13%;0.04%;0.05%;14%;0.14%;0.16%;15%
Kiribati;0.03%;0.03%;0%;0.19%;0.19%;3%;0.23%;0.24%;3%;0.21%;0.22%;3%;0.18%;0.18%;2%;0.13%;0.13%;2%;0.07%;0.07%;2%;0.03%;0.03%;4%;0.09%;0.09%;0%
Kuwait;0.13%;0.12%;-4%;0.77%;0.73%;-5%;1.05%;1.00%;-5%;0.97%;0.97%;0%;0.85%;0.85%;1%;0.64%;0.64%;-1%;0.38%;0.37%;-1%;0.19%;0.19%;0%;0.50%;0.45%;-11%
Kyrgyzstan;0.04%;0.04%;2%;0.24%;0.28%;14%;0.30%;0.35%;15%;0.27%;0.32%;16%;0.23%;0.27%;15%;0.17%;0.20%;15%;0.09%;0.10%;17%;0.04%;0.05%;19%;0.13%;0.13%;3%
Laos;0.04%;0.04%;14%;0.22%;0.27%;21%;0.27%;0.34%;24%;0.25%;0.31%;25%;0.21%;0.26%;24%;0.16%;0.19%;24%;0.08%;0.10%;27%;0.04%;0.05%;32%;0.11%;0.14%;24%
Latvia;0.06%;0.07%;8%;0.41%;0.45%;12%;0.53%;0.60%;13%;0.49%;0.56%;13%;0.42%;0.47%;12%;0.31%;0.34%;11%;0.17%;0.19%;12%;0.08%;0.09%;14%;0.18%;0.16%;-8%
Lebanon;0.09%;0.08%;-5%;0.48%;0.47%;-1%;0.62%;0.61%;-2%;0.60%;0.58%;-3%;0.54%;0.52%;-3%;0.41%;0.40%;-2%;0.24%;0.23%;-3%;0.12%;0.12%;-3%;0.25%;0.25%;-1%
Lesotho;0.04%;0.04%;8%;0.27%;0.29%;7%;0.36%;0.39%;8%;0.33%;0.36%;9%;0.28%;0.30%;9%;0.20%;0.22%;9%;0.11%;0.12%;8%;0.05%;0.06%;8%;0.14%;0.16%;15%
Liberia;0.03%;0.03%;7%;0.21%;0.22%;3%;0.28%;0.28%;4%;0.25%;0.26%;3%;0.21%;0.22%;3%;0.16%;0.16%;3%;0.08%;0.08%;3%;0.03%;0.04%;4%;0.10%;0.11%;6%
Libya;0.10%;0.08%;-20%;0.59%;0.43%;-27%;0.78%;0.55%;-29%;0.75%;0.53%;-30%;0.67%;0.47%;-30%;0.51%;0.35%;-31%;0.30%;0.20%;-33%;0.15%;0.10%;-36%;0.37%;0.24%;-35%
Lithuania;0.07%;0.07%;0%;0.40%;0.46%;14%;0.53%;0.61%;15%;0.49%;0.57%;15%;0.42%;0.48%;14%;0.31%;0.35%;14%;0.17%;0.20%;15%;0.08%;0.09%;18%;0.17%;0.17%;-2%
Luxembourg;0.21%;0.21%;1%;1.19%;1.22%;3%;1.64%;1.69%;3%;1.61%;1.67%;4%;1.34%;1.37%;3%;0.96%;0.99%;3%;0.59%;0.61%;4%;0.34%;0.36%;4%;0.56%;0.57%;2%
Madagascar;0.03%;0.04%;6%;0.24%;0.24%;3%;0.31%;0.32%;3%;0.28%;0.29%;3%;0.24%;0.25%;3%;0.18%;0.18%;3%;0.09%;0.10%;4%;0.04%;0.04%;7%;0.11%;0.12%;9%
Malawi;0.03%;0.04%;12%;0.22%;0.22%;3%;0.28%;0.29%;3%;0.26%;0.27%;4%;0.22%;0.23%;5%;0.16%;0.17%;5%;0.08%;0.09%;5%;0.04%;0.04%;3%;0.10%;0.12%;12%
Malaysia;0.05%;0.06%;9%;0.35%;0.38%;10%;0.45%;0.51%;12%;0.42%;0.47%;12%;0.35%;0.39%;11%;0.26%;0.29%;11%;0.14%;0.16%;12%;0.06%;0.07%;15%;0.19%;0.20%;9%
Maldives;0.05%;0.05%;1%;0.31%;0.33%;8%;0.39%;0.42%;8%;0.36%;0.38%;5%;0.31%;0.32%;4%;0.23%;0.24%;4%;0.12%;0.13%;2%;0.05%;0.06%;2%;0.18%;0.19%;3%
Mali;0.03%;0.04%;7%;0.25%;0.26%;6%;0.33%;0.35%;7%;0.30%;0.32%;8%;0.25%;0.27%;9%;0.18%;0.20%;9%;0.10%;0.11%;10%;0.04%;0.05%;10%;0.11%;0.12%;11%
Malta;0.17%;0.16%;-2%;0.85%;0.94%;10%;1.12%;1.26%;13%;1.08%;1.21%;12%;0.90%;1.00%;11%;0.65%;0.72%;10%;0.40%;0.45%;11%;0.23%;0.26%;13%;0.38%;0.37%;-3%
Marshall Islands;0.03%;0.04%;7%;0.22%;0.22%;4%;0.27%;0.28%;5%;0.24%;0.25%;4%;0.21%;0.21%;2%;0.15%;0.16%;2%;0.08%;0.08%;3%;0.03%;0.04%;4%;0.11%;0.11%;2%
Mauritania;0.04%;0.04%;8%;0.29%;0.30%;5%;0.39%;0.41%;6%;0.36%;0.38%;6%;0.30%;0.32%;6%;0.22%;0.24%;6%;0.12%;0.13%;7%;0.05%;0.06%;9%;0.14%;0.15%;9%
Mauritius;0.05%;0.06%;13%;0.33%;0.36%;9%;0.42%;0.47%;12%;0.39%;0.44%;13%;0.33%;0.37%;11%;0.24%;0.27%;11%;0.13%;0.15%;12%;0.06%;0.07%;15%;0.16%;0.16%;2%
Mexico;0.07%;0.07%;4%;0.53%;0.54%;2%;0.82%;0.84%;2%;0.77%;0.78%;2%;0.60%;0.61%;2%;0.42%;0.42%;2%;0.22%;0.23%;2%;0.10%;0.10%;3%;0.30%;0.29%;-2%
Micronesia (country);0.04%;0.04%;3%;0.22%;0.22%;1%;0.27%;0.27%;1%;0.24%;0.25%;1%;0.21%;0.21%;0%;0.15%;0.15%;0%;0.08%;0.08%;0%;0.03%;0.03%;1%;0.10%;0.11%;2%
Moldova;0.05%;0.05%;6%;0.29%;0.33%;14%;0.37%;0.42%;16%;0.33%;0.39%;17%;0.28%;0.33%;16%;0.20%;0.23%;16%;0.11%;0.12%;16%;0.05%;0.06%;18%;0.14%;0.13%;-2%
Monaco;0.28%;0.30%;6%;1.57%;1.71%;9%;2.23%;2.46%;10%;2.30%;2.46%;7%;1.88%;2.01%;7%;1.37%;1.48%;8%;0.87%;0.97%;12%;0.51%;0.58%;12%;0.60%;0.62%;3%
Mongolia;0.05%;0.05%;1%;0.30%;0.36%;20%;0.38%;0.47%;22%;0.35%;0.43%;23%;0.30%;0.37%;23%;0.22%;0.27%;23%;0.12%;0.15%;25%;0.05%;0.07%;29%;0.17%;0.17%;-1%
Montenegro;0.06%;0.06%;7%;0.36%;0.40%;11%;0.45%;0.50%;11%;0.42%;0.47%;11%;0.37%;0.41%;10%;0.27%;0.30%;10%;0.15%;0.17%;11%;0.07%;0.08%;14%;0.16%;0.16%;3%
Morocco;0.07%;0.07%;9%;0.39%;0.42%;9%;0.49%;0.53%;9%;0.46%;0.51%;10%;0.41%;0.45%;11%;0.31%;0.34%;11%;0.18%;0.20%;11%;0.08%;0.09%;13%;0.20%;0.21%;4%
Mozambique;0.03%;0.03%;13%;0.21%;0.23%;9%;0.28%;0.30%;10%;0.25%;0.28%;11%;0.21%;0.23%;11%;0.15%;0.17%;12%;0.08%;0.09%;14%;0.03%;0.04%;16%;0.10%;0.11%;16%
Myanmar;0.03%;0.04%;22%;0.21%;0.26%;25%;0.26%;0.34%;30%;0.23%;0.31%;31%;0.20%;0.26%;29%;0.15%;0.19%;29%;0.08%;0.10%;33%;0.03%;0.05%;39%;0.10%;0.13%;22%
Namibia;0.05%;0.06%;7%;0.37%;0.40%;9%;0.51%;0.56%;10%;0.47%;0.53%;12%;0.40%;0.45%;13%;0.29%;0.33%;12%;0.16%;0.18%;12%;0.08%;0.09%;11%;0.20%;0.22%;10%
Nauru;0.04%;0.05%;25%;0.25%;0.31%;24%;0.31%;0.39%;27%;0.28%;0.36%;28%;0.24%;0.31%;27%;0.18%;0.23%;27%;0.09%;0.12%;30%;0.04%;0.06%;34%;0.12%;0.16%;28%
Nepal;0.04%;0.04%;11%;0.25%;0.28%;13%;0.33%;0.38%;15%;0.30%;0.35%;17%;0.26%;0.30%;17%;0.19%;0.22%;18%;0.10%;0.12%;21%;0.04%;0.05%;25%;0.13%;0.15%;21%
Netherlands;0.12%;0.13%;8%;0.75%;0.78%;4%;1.04%;1.10%;5%;1.03%;1.08%;5%;0.86%;0.90%;5%;0.61%;0.64%;6%;0.37%;0.39%;6%;0.21%;0.22%;7%;0.33%;0.33%;0%
New Zealand;0.17%;0.17%;0%;1.26%;1.27%;1%;1.84%;1.86%;1%;1.74%;1.74%;0%;1.40%;1.41%;1%;0.97%;0.98%;1%;0.56%;0.56%;0%;0.29%;0.28%;-1%;0.58%;0.58%;1%
Nicaragua;0.05%;0.05%;2%;0.36%;0.38%;6%;0.54%;0.57%;6%;0.49%;0.53%;7%;0.39%;0.41%;6%;0.27%;0.29%;6%;0.15%;0.16%;6%;0.07%;0.07%;8%;0.21%;0.21%;3%
Niger;0.03%;0.03%;10%;0.21%;0.22%;5%;0.27%;0.28%;5%;0.24%;0.25%;5%;0.20%;0.21%;5%;0.15%;0.16%;6%;0.08%;0.08%;9%;0.03%;0.04%;13%;0.09%;0.10%;10%
Nigeria;0.04%;0.05%;10%;0.32%;0.34%;8%;0.43%;0.46%;8%;0.40%;0.43%;8%;0.34%;0.36%;8%;0.25%;0.27%;8%;0.13%;0.14%;10%;0.05%;0.06%;14%;0.15%;0.17%;9%
Niue;0.05%;0.05%;6%;0.30%;0.30%;1%;0.39%;0.40%;3%;0.35%;0.36%;3%;0.30%;0.31%;1%;0.23%;0.23%;1%;0.12%;0.12%;2%;0.05%;0.06%;4%;0.13%;0.13%;2%
North Korea;0.03%;0.03%;1%;0.18%;0.18%;1%;0.22%;0.22%;2%;0.19%;0.19%;1%;0.16%;0.16%;-1%;0.12%;0.12%;-2%;0.06%;0.06%;-2%;0.03%;0.03%;-1%;0.08%;0.08%;-4%
North Macedonia;0.06%;0.06%;3%;0.34%;0.37%;10%;0.42%;0.46%;10%;0.39%;0.43%;11%;0.34%;0.38%;11%;0.25%;0.28%;11%;0.14%;0.15%;11%;0.06%;0.07%;13%;0.16%;0.16%;0%
Northern Mariana Islands;0.06%;0.06%;9%;0.40%;0.38%;-3%;0.54%;0.50%;-6%;0.50%;0.47%;-6%;0.43%;0.39%;-8%;0.29%;0.29%;0%;0.18%;0.15%;-14%;0.07%;0.08%;14%;0.19%;0.17%;-12%
Norway;0.17%;0.17%;1%;1.03%;1.04%;1%;1.39%;1.41%;1%;1.34%;1.35%;1%;1.12%;1.12%;1%;0.81%;0.82%;0%;0.50%;0.50%;0%;0.28%;0.28%;1%;0.45%;0.45%;-1%
Oman;0.11%;0.10%;-13%;0.65%;0.63%;-2%;0.82%;0.80%;-3%;0.77%;0.72%;-7%;0.70%;0.65%;-6%;0.52%;0.50%;-5%;0.30%;0.29%;-4%;0.15%;0.14%;-6%;0.42%;0.37%;-11%
Pakistan;0.04%;0.05%;5%;0.31%;0.34%;8%;0.41%;0.45%;9%;0.38%;0.42%;10%;0.33%;0.36%;10%;0.24%;0.26%;10%;0.12%;0.14%;13%;0.05%;0.06%;17%;0.16%;0.18%;11%
Palau;0.05%;0.05%;5%;0.31%;0.32%;4%;0.40%;0.41%;3%;0.36%;0.37%;2%;0.31%;0.31%;1%;0.23%;0.23%;1%;0.12%;0.13%;2%;0.06%;0.06%;4%;0.15%;0.13%;-16%
Palestine;0.06%;0.06%;8%;0.34%;0.36%;6%;0.42%;0.45%;6%;0.40%;0.42%;7%;0.35%;0.38%;7%;0.27%;0.29%;7%;0.15%;0.16%;8%;0.07%;0.08%;9%;0.17%;0.19%;11%
Panama;0.07%;0.08%;10%;0.50%;0.58%;15%;0.77%;0.90%;16%;0.73%;0.85%;17%;0.58%;0.68%;17%;0.40%;0.47%;18%;0.22%;0.26%;20%;0.10%;0.13%;22%;0.27%;0.31%;13%
Papua New Guinea;0.03%;0.03%;1%;0.21%;0.23%;8%;0.26%;0.28%;8%;0.24%;0.26%;9%;0.20%;0.22%;9%;0.15%;0.16%;8%;0.08%;0.08%;10%;0.03%;0.04%;12%;0.10%;0.11%;5%
Paraguay;0.07%;0.07%;8%;0.46%;0.51%;10%;0.67%;0.75%;12%;0.61%;0.69%;13%;0.48%;0.54%;12%;0.33%;0.37%;12%;0.18%;0.20%;13%;0.08%;0.09%;15%;0.25%;0.28%;12%
Peru;0.07%;0.07%;4%;0.57%;0.59%;3%;1.00%;1.00%;1%;0.96%;0.97%;2%;0.71%;0.74%;4%;0.47%;0.50%;7%;0.26%;0.28%;10%;0.12%;0.14%;14%;0.35%;0.36%;1%
Philippines;0.04%;0.04%;11%;0.25%;0.28%;12%;0.31%;0.36%;15%;0.29%;0.33%;15%;0.25%;0.28%;14%;0.18%;0.21%;14%;0.09%;0.10%;16%;0.04%;0.04%;20%;0.12%;0.14%;15%
Poland;0.07%;0.07%;10%;0.43%;0.49%;16%;0.54%;0.63%;17%;0.51%;0.59%;16%;0.45%;0.51%;15%;0.32%;0.37%;15%;0.17%;0.19%;17%;0.07%;0.08%;19%;0.19%;0.19%;-2%
Portugal;0.15%;0.17%;11%;0.85%;0.87%;2%;1.17%;1.15%;-1%;1.13%;1.11%;-2%;0.94%;0.93%;-2%;0.68%;0.67%;-1%;0.42%;0.42%;-1%;0.24%;0.24%;0%;0.38%;0.33%;-14%
Puerto Rico;0.09%;0.09%;5%;0.65%;0.65%;0%;1.07%;1.06%;0%;1.03%;1.02%;-1%;0.81%;0.81%;0%;0.56%;0.56%;0%;0.33%;0.32%;-1%;0.16%;0.16%;-1%;0.33%;0.30%;-9%
Qatar;0.13%;0.13%;4%;0.82%;0.86%;5%;0.93%;0.99%;6%;0.94%;0.97%;4%;0.85%;0.90%;6%;0.65%;0.69%;5%;0.37%;0.40%;7%;0.18%;0.20%;8%;0.56%;0.55%;-1%
Romania;0.06%;0.07%;15%;0.36%;0.42%;16%;0.45%;0.53%;18%;0.42%;0.50%;18%;0.37%;0.43%;16%;0.27%;0.31%;16%;0.15%;0.17%;17%;0.07%;0.08%;19%;0.16%;0.15%;-4%
Russia;0.06%;0.06%;7%;0.42%;0.47%;10%;0.55%;0.60%;10%;0.51%;0.56%;9%;0.44%;0.47%;9%;0.31%;0.34%;9%;0.17%;0.18%;10%;0.07%;0.08%;11%;0.20%;0.18%;-9%
Rwanda;0.03%;0.04%;18%;0.23%;0.26%;15%;0.29%;0.34%;18%;0.26%;0.32%;20%;0.23%;0.27%;17%;0.17%;0.20%;18%;0.09%;0.11%;21%;0.04%;0.05%;23%;0.11%;0.14%;20%
Saint Kitts and Nevis;0.08%;0.08%;3%;0.59%;0.60%;2%;0.94%;0.97%;3%;0.89%;0.92%;4%;0.69%;0.72%;4%;0.48%;0.50%;4%;0.27%;0.28%;5%;0.13%;0.14%;5%;0.34%;0.33%;-3%
Saint Lucia;0.07%;0.07%;0%;0.48%;0.49%;2%;0.75%;0.76%;2%;0.70%;0.71%;2%;0.54%;0.56%;3%;0.38%;0.39%;3%;0.21%;0.22%;3%;0.10%;0.11%;5%;0.27%;0.25%;-7%
Saint Vincent and the Grenadines;0.07%;0.06%;-1%;0.47%;0.48%;2%;0.73%;0.74%;1%;0.68%;0.69%;1%;0.54%;0.55%;2%;0.37%;0.38%;3%;0.20%;0.21%;4%;0.10%;0.10%;4%;0.25%;0.24%;-6%
Samoa;0.04%;0.04%;1%;0.25%;0.25%;2%;0.31%;0.32%;2%;0.28%;0.29%;2%;0.24%;0.24%;2%;0.18%;0.18%;1%;0.09%;0.09%;1%;0.04%;0.04%;1%;0.11%;0.11%;1%
San Marino;0.20%;0.20%;-1%;1.13%;1.01%;-11%;1.56%;1.37%;-12%;1.54%;1.33%;-13%;1.29%;1.11%;-14%;0.94%;0.82%;-13%;0.59%;0.52%;-12%;0.34%;0.31%;-11%;0.49%;0.39%;-22%
Sao Tome and Principe;0.04%;0.04%;15%;0.27%;0.30%;9%;0.36%;0.39%;9%;0.33%;0.36%;9%;0.28%;0.31%;9%;0.21%;0.23%;9%;0.11%;0.12%;10%;0.05%;0.05%;9%;0.14%;0.15%;14%
Saudi Arabia;0.10%;0.10%;1%;0.56%;0.59%;5%;0.74%;0.77%;5%;0.71%;0.75%;6%;0.64%;0.68%;7%;0.48%;0.52%;7%;0.28%;0.30%;7%;0.14%;0.15%;8%;0.36%;0.38%;4%
Senegal;0.04%;0.04%;9%;0.27%;0.29%;5%;0.37%;0.39%;5%;0.34%;0.36%;6%;0.29%;0.31%;7%;0.21%;0.22%;7%;0.11%;0.12%;7%;0.05%;0.06%;10%;0.14%;0.15%;10%
Serbia;0.06%;0.07%;14%;0.35%;0.39%;10%;0.44%;0.48%;9%;0.42%;0.45%;9%;0.36%;0.39%;9%;0.27%;0.29%;9%;0.14%;0.16%;10%;0.07%;0.07%;12%;0.15%;0.16%;6%
Seychelles;0.05%;0.06%;5%;0.35%;0.38%;8%;0.45%;0.50%;10%;0.42%;0.46%;10%;0.36%;0.39%;8%;0.27%;0.28%;7%;0.15%;0.16%;7%;0.07%;0.07%;10%;0.18%;0.17%;-5%
Sierra Leone;0.03%;0.04%;7%;0.23%;0.24%;5%;0.29%;0.31%;5%;0.27%;0.28%;5%;0.23%;0.24%;6%;0.17%;0.18%;6%;0.09%;0.09%;7%;0.04%;0.04%;8%;0.11%;0.12%;11%
Singapore;0.14%;0.14%;-5%;0.95%;0.99%;5%;1.28%;1.44%;12%;1.19%;1.41%;18%;1.03%;1.13%;10%;0.72%;0.80%;12%;0.42%;0.47%;10%;0.22%;0.24%;12%;0.55%;0.46%;-16%
Slovakia;0.07%;0.07%;5%;0.41%;0.45%;11%;0.52%;0.58%;11%;0.49%;0.54%;11%;0.43%;0.48%;11%;0.32%;0.35%;10%;0.17%;0.19%;11%;0.08%;0.09%;12%;0.19%;0.18%;-8%
Slovenia;0.07%;0.07%;2%;0.44%;0.46%;5%;0.56%;0.59%;5%;0.53%;0.56%;5%;0.46%;0.48%;4%;0.34%;0.35%;4%;0.19%;0.20%;3%;0.09%;0.09%;4%;0.19%;0.16%;-14%
Solomon Islands;0.03%;0.03%;7%;0.19%;0.20%;5%;0.23%;0.24%;6%;0.21%;0.22%;7%;0.17%;0.19%;7%;0.13%;0.14%;7%;0.06%;0.07%;8%;0.03%;0.03%;9%;0.09%;0.09%;5%
Somalia;0.02%;0.02%;2%;0.13%;0.13%;0%;0.17%;0.17%;1%;0.15%;0.15%;1%;0.12%;0.12%;0%;0.09%;0.09%;-1%;0.04%;0.04%;-3%;0.02%;0.02%;-2%;0.06%;0.06%;2%
South Africa;0.06%;0.06%;1%;0.41%;0.42%;1%;0.58%;0.58%;0%;0.54%;0.55%;1%;0.46%;0.47%;2%;0.33%;0.34%;1%;0.18%;0.18%;1%;0.08%;0.08%;0%;0.24%;0.23%;-5%
South Korea;0.13%;0.13%;0%;0.75%;0.82%;11%;1.01%;1.13%;12%;0.96%;1.06%;10%;0.80%;0.88%;10%;0.57%;0.63%;10%;0.33%;0.36%;10%;0.17%;0.19%;11%;0.37%;0.34%;-8%
South Sudan;0.04%;0.04%;-12%;0.32%;0.25%;-21%;0.43%;0.34%;-22%;0.40%;0.31%;-23%;0.34%;0.27%;-22%;0.25%;0.19%;-22%;0.14%;0.10%;-23%;0.06%;0.04%;-25%;0.16%;0.12%;-25%
Spain;0.26%;0.26%;-1%;1.33%;1.29%;-3%;1.59%;1.64%;3%;1.47%;1.54%;5%;1.20%;1.26%;5%;0.88%;0.91%;4%;0.54%;0.56%;2%;0.31%;0.32%;2%;0.55%;0.45%;-17%
Sri Lanka;0.04%;0.05%;20%;0.27%;0.31%;16%;0.34%;0.40%;19%;0.31%;0.37%;21%;0.26%;0.32%;20%;0.19%;0.23%;20%;0.10%;0.13%;22%;0.05%;0.06%;25%;0.13%;0.14%;11%
Sudan;0.06%;0.06%;9%;0.33%;0.35%;4%;0.42%;0.43%;4%;0.39%;0.41%;4%;0.35%;0.37%;6%;0.26%;0.28%;7%;0.14%;0.16%;9%;0.07%;0.07%;10%;0.17%;0.19%;12%
Suriname;0.07%;0.07%;2%;0.50%;0.51%;2%;0.78%;0.81%;4%;0.73%;0.77%;5%;0.57%;0.60%;5%;0.40%;0.42%;5%;0.22%;0.23%;5%;0.10%;0.11%;6%;0.28%;0.26%;-5%
Sweden;0.18%;0.19%;7%;1.07%;1.10%;3%;1.37%;1.40%;2%;1.34%;1.37%;2%;1.21%;1.24%;2%;0.91%;0.93%;3%;0.51%;0.53%;4%;0.25%;0.27%;5%;0.45%;0.45%;-1%
Switzerland;0.18%;0.17%;-1%;0.95%;0.98%;4%;1.23%;1.27%;4%;1.18%;1.23%;4%;1.00%;1.04%;4%;0.72%;0.75%;4%;0.44%;0.46%;4%;0.24%;0.25%;5%;0.41%;0.39%;-3%
Syria;0.07%;0.08%;17%;0.38%;0.36%;-3%;0.47%;0.48%;1%;0.45%;0.46%;4%;0.40%;0.40%;1%;0.30%;0.29%;-2%;0.17%;0.16%;-4%;0.08%;0.08%;-5%;0.21%;0.17%;-17%
Taiwan;0.07%;0.06%;-6%;0.39%;0.42%;7%;0.51%;0.55%;8%;0.47%;0.51%;7%;0.40%;0.43%;6%;0.30%;0.31%;6%;0.16%;0.18%;8%;0.08%;0.08%;11%;0.19%;0.17%;-11%
Tajikistan;0.04%;0.04%;3%;0.23%;0.26%;14%;0.28%;0.32%;15%;0.25%;0.29%;16%;0.22%;0.25%;16%;0.16%;0.18%;15%;0.08%;0.09%;16%;0.03%;0.04%;20%;0.12%;0.12%;6%
Tanzania;0.04%;0.04%;13%;0.25%;0.28%;11%;0.34%;0.38%;13%;0.31%;0.35%;14%;0.26%;0.30%;14%;0.19%;0.22%;14%;0.10%;0.12%;17%;0.04%;0.05%;19%;0.12%;0.14%;17%
Thailand;0.05%;0.05%;7%;0.30%;0.34%;10%;0.39%;0.44%;12%;0.36%;0.41%;13%;0.31%;0.35%;11%;0.23%;0.25%;11%;0.13%;0.14%;12%;0.06%;0.06%;14%;0.15%;0.14%;-9%
Togo;0.03%;0.04%;9%;0.23%;0.24%;7%;0.30%;0.32%;5%;0.28%;0.30%;6%;0.23%;0.25%;9%;0.17%;0.19%;10%;0.09%;0.10%;11%;0.04%;0.04%;12%;0.11%;0.12%;8%
Tokelau;0.04%;0.04%;18%;0.25%;0.27%;8%;0.30%;0.34%;12%;0.28%;0.31%;10%;0.24%;0.26%;10%;0.18%;0.19%;9%;0.10%;0.10%;8%;0.04%;0.05%;12%;0.11%;0.12%;11%
Tonga;0.04%;0.04%;3%;0.24%;0.25%;5%;0.30%;0.32%;6%;0.28%;0.29%;6%;0.24%;0.25%;7%;0.17%;0.19%;7%;0.09%;0.10%;9%;0.04%;0.04%;10%;0.11%;0.11%;3%
Trinidad and Tobago;0.08%;0.08%;6%;0.61%;0.64%;6%;0.98%;1.04%;6%;0.93%;0.99%;7%;0.73%;0.78%;7%;0.51%;0.54%;7%;0.29%;0.31%;7%;0.14%;0.15%;8%;0.36%;0.32%;-10%
Tunisia;0.08%;0.08%;0%;0.44%;0.46%;4%;0.57%;0.59%;4%;0.54%;0.57%;5%;0.48%;0.50%;5%;0.36%;0.38%;5%;0.21%;0.22%;5%;0.10%;0.11%;7%;0.24%;0.22%;-10%
Turkey;0.10%;0.10%;-3%;0.59%;0.58%;-3%;0.72%;0.79%;10%;0.68%;0.77%;13%;0.60%;0.67%;12%;0.45%;0.50%;11%;0.27%;0.30%;13%;0.14%;0.16%;14%;0.30%;0.30%;0%
Turkmenistan;0.05%;0.06%;17%;0.33%;0.41%;25%;0.42%;0.54%;27%;0.39%;0.50%;27%;0.34%;0.42%;25%;0.25%;0.31%;25%;0.13%;0.17%;27%;0.06%;0.08%;30%;0.17%;0.20%;19%
Tuvalu;0.03%;0.04%;7%;0.21%;0.22%;5%;0.27%;0.28%;6%;0.24%;0.25%;5%;0.21%;0.21%;4%;0.15%;0.16%;3%;0.08%;0.08%;3%;0.03%;0.04%;2%;0.10%;0.11%;11%
Uganda;0.03%;0.04%;9%;0.24%;0.26%;8%;0.32%;0.35%;8%;0.29%;0.32%;9%;0.25%;0.27%;9%;0.18%;0.20%;10%;0.09%;0.11%;13%;0.04%;0.05%;13%;0.11%;0.13%;14%
Ukraine;0.05%;0.06%;2%;0.34%;0.36%;5%;0.43%;0.45%;6%;0.39%;0.41%;5%;0.34%;0.35%;4%;0.25%;0.25%;3%;0.13%;0.13%;3%;0.05%;0.06%;3%;0.15%;0.13%;-11%
United Arab Emirates;0.11%;0.11%;-5%;0.67%;0.69%;3%;0.80%;0.91%;14%;0.85%;0.86%;2%;0.75%;0.71%;-6%;0.58%;0.55%;-5%;0.33%;0.31%;-5%;0.16%;0.14%;-12%;0.59%;0.36%;-39%
United Kingdom;0.16%;0.16%;-1%;0.97%;0.98%;1%;1.31%;1.34%;2%;1.27%;1.29%;2%;1.03%;1.06%;3%;0.74%;0.76%;3%;0.44%;0.46%;3%;0.25%;0.25%;3%;0.42%;0.41%;-3%
United States;0.15%;0.15%;-1%;1.10%;0.99%;-10%;1.47%;1.32%;-10%;1.37%;1.26%;-8%;1.11%;1.04%;-6%;0.77%;0.74%;-5%;0.44%;0.42%;-5%;0.22%;0.21%;-4%;0.47%;0.41%;-11%
United States Virgin Islands;0.10%;0.09%;-4%;0.78%;0.71%;-9%;1.35%;1.17%;-13%;1.31%;1.14%;-13%;1.01%;0.89%;-12%;0.69%;0.61%;-12%;0.40%;0.35%;-12%;0.20%;0.18%;-13%;0.37%;0.28%;-23%
Uruguay;0.11%;0.12%;4%;0.69%;0.78%;13%;0.95%;1.10%;16%;0.89%;1.04%;17%;0.73%;0.84%;16%;0.52%;0.60%;15%;0.31%;0.36%;15%;0.16%;0.19%;16%;0.32%;0.36%;12%
Uzbekistan;0.05%;0.05%;3%;0.28%;0.33%;18%;0.36%;0.43%;19%;0.33%;0.39%;20%;0.28%;0.33%;19%;0.21%;0.24%;18%;0.11%;0.13%;21%;0.05%;0.06%;24%;0.15%;0.16%;5%
Vanuatu;0.03%;0.03%;-1%;0.21%;0.21%;1%;0.26%;0.26%;2%;0.23%;0.24%;2%;0.20%;0.20%;1%;0.15%;0.15%;0%;0.08%;0.08%;0%;0.03%;0.03%;0%;0.10%;0.10%;1%
Venezuela;0.07%;0.07%;-9%;0.50%;0.47%;-6%;0.79%;0.75%;-6%;0.74%;0.71%;-5%;0.58%;0.55%;-6%;0.41%;0.38%;-7%;0.23%;0.21%;-9%;0.11%;0.10%;-11%;0.29%;0.23%;-22%
Vietnam;0.04%;0.04%;7%;0.23%;0.27%;17%;0.29%;0.34%;20%;0.26%;0.31%;20%;0.22%;0.26%;19%;0.16%;0.19%;20%;0.08%;0.10%;22%;0.04%;0.05%;25%;0.12%;0.12%;1%
Yemen;0.06%;0.05%;-4%;0.35%;0.30%;-13%;0.43%;0.38%;-13%;0.41%;0.35%;-14%;0.36%;0.31%;-14%;0.27%;0.23%;-15%;0.15%;0.13%;-17%;0.07%;0.06%;-19%;0.17%;0.15%;-11%
Zambia;0.04%;0.04%;12%;0.27%;0.31%;12%;0.37%;0.41%;13%;0.34%;0.38%;14%;0.28%;0.32%;15%;0.20%;0.24%;15%;0.11%;0.13%;16%;0.05%;0.06%;14%;0.14%;0.16%;18%
Zimbabwe;0.04%;0.04%;4%;0.26%;0.27%;4%;0.34%;0.36%;5%;0.31%;0.33%;6%;0.26%;0.28%;8%;0.19%;0.20%;8%;0.10%;0.11%;8%;0.05%;0.05%;4%;0.13%;0.14%;2%
Other;;;;;;;;;;;;;;;;;;;;;;;;;;;
Africa;0.04%;0.05%;6%;0.30%;0.31%;6%;0.40%;0.42%;5%;0.37%;0.39%;5%;0.32%;0.33%;4%;0.24%;0.25%;5%;0.13%;0.14%;7%;0.06%;0.06%;8%;0.15%;0.16%;4%
Asia;0.05%;0.05%;13%;0.31%;0.35%;15%;0.40%;0.46%;16%;0.37%;0.43%;17%;0.33%;0.37%;13%;0.23%;0.28%;20%;0.12%;0.15%;25%;0.05%;0.07%;24%;0.16%;0.17%;8%
East Asia & Pacific (WB);0.05%;0.05%;6%;0.30%;0.36%;19%;0.38%;0.48%;27%;0.37%;0.44%;19%;0.32%;0.36%;13%;0.23%;0.26%;17%;0.12%;0.14%;26%;0.05%;0.06%;20%;0.15%;0.15%;0%
Europe;0.13%;0.13%;1%;0.73%;0.80%;10%;0.92%;1.05%;14%;0.90%;0.97%;8%;0.78%;0.79%;1%;0.58%;0.58%;0%;0.36%;0.35%;-1%;0.19%;0.20%;6%;0.32%;0.30%;-6%
Europe & Central Asia (WB);0.11%;0.11%;0%;0.65%;0.70%;8%;0.83%;0.94%;13%;0.82%;0.88%;8%;0.71%;0.73%;3%;0.54%;0.53%;-1%;0.33%;0.33%;-1%;0.17%;0.18%;6%;0.30%;0.29%;-5%
High-income countries;0.15%;0.15%;2%;0.94%;0.94%;0%;1.24%;1.26%;2%;1.18%;1.20%;2%;0.98%;1.00%;2%;0.71%;0.71%;0%;0.42%;0.42%;0%;0.22%;0.23%;1%;0.41%;0.38%;-7%
Latin America & Caribbean (WB);0.07%;0.07%;1%;0.52%;0.54%;4%;0.78%;0.82%;5%;0.73%;0.77%;5%;0.58%;0.60%;4%;0.40%;0.42%;4%;0.22%;0.23%;5%;0.10%;0.11%;6%;0.29%;0.28%;-1%
Low-income countries;0.04%;0.04%;7%;0.24%;0.25%;5%;0.31%;0.32%;5%;0.28%;0.30%;5%;0.24%;0.26%;5%;0.18%;0.19%;7%;0.09%;0.10%;8%;0.04%;0.04%;9%;0.11%;0.12%;9%
Lower-middle-income countries;0.04%;0.05%;12%;0.30%;0.34%;12%;0.40%;0.45%;13%;0.37%;0.42%;14%;0.32%;0.37%;16%;0.23%;0.27%;17%;0.12%;0.14%;19%;0.05%;0.06%;22%;0.16%;0.18%;12%
Middle East & North Africa (WB);0.08%;0.08%;1%;0.48%;0.48%;1%;0.63%;0.64%;1%;0.61%;0.62%;2%;0.54%;0.56%;4%;0.41%;0.43%;6%;0.23%;0.24%;6%;0.11%;0.12%;6%;0.28%;0.26%;-6%
North America;0.11%;0.11%;-1%;0.82%;0.76%;-7%;1.15%;1.07%;-7%;1.08%;1.01%;-7%;0.87%;0.83%;-4%;0.62%;0.59%;-4%;0.36%;0.34%;-6%;0.18%;0.17%;-9%;0.39%;0.36%;-9%
North America (WB);0.15%;0.15%;-1%;1.08%;0.98%;-9%;1.45%;1.32%;-9%;1.36%;1.25%;-8%;1.10%;1.04%;-6%;0.77%;0.73%;-4%;0.44%;0.42%;-4%;0.22%;0.21%;-4%;0.46%;0.41%;-11%
Oceania;0.16%;0.15%;-3%;1.17%;1.12%;-4%;1.74%;1.89%;9%;1.78%;1.94%;9%;1.56%;1.65%;6%;1.18%;1.20%;1%;0.69%;0.71%;3%;0.37%;0.38%;3%;0.65%;0.66%;3%
South America;0.08%;0.08%;2%;0.54%;0.55%;1%;0.80%;0.86%;7%;0.74%;0.80%;8%;0.58%;0.62%;6%;0.41%;0.43%;7%;0.23%;0.24%;7%;0.10%;0.11%;8%;0.29%;0.30%;0%
South Asia (WB);0.04%;0.05%;15%;0.29%;0.34%;15%;0.39%;0.46%;18%;0.36%;0.43%;19%;0.31%;0.37%;20%;0.22%;0.27%;20%;0.12%;0.14%;23%;0.05%;0.06%;29%;0.15%;0.18%;20%
Sub-Saharan Africa (WB);0.04%;0.04%;9%;0.27%;0.29%;7%;0.36%;0.38%;6%;0.33%;0.36%;7%;0.28%;0.31%;8%;0.21%;0.23%;8%;0.11%;0.12%;9%;0.05%;0.05%;10%;0.13%;0.15%;10%
Upper-middle-income countries;0.06%;0.06%;3%;0.35%;0.41%;18%;0.45%;0.57%;26%;0.44%;0.51%;18%;0.35%;0.40%;13%;0.24%;0.29%;22%;0.12%;0.16%;30%;0.06%;0.07%;21%;0.17%;0.17%;0%
World;0.06%;0.06%;4%;0.39%;0.41%;6%;0.52%;0.57%;9%;0.51%;0.54%;7%;0.43%;0.46%;6%;0.31%;0.34%;8%;0.18%;0.19%;10%;0.09%;0.09%;4%;0.20%;0.20%;0%
